Timestamp,price,quantity
2017-05-10 09:00:00,12.93,420
2017-05-10 09:07:00,12.45,780
2017-05-10 09:13:00,12.75,1110
2017-05-10 09:16:00,12.64,1420
2017-05-10 09:22:00,12.16,1600
2017-05-10 09:22:00,12.53,1930
2017-05-10 09:29:00,12.01,2460
2017-05-10 09:34:00,12.42,3000
2017-05-10 09:34:00,12.22,3550
2017-05-10 09:39:00,12.69,3570
2017-05-10 09:48:00,12.66,4540
2017-05-10 09:57:00,12.79,4890
2017-05-10 10:00:00,12.43,5010
2017-05-10 10:04:00,12.16,5230
2017-05-10 10:09:00,12.36,5740
2017-05-10 10:09:00,12.04,6670
2017-05-10 10:12:00,12.21,7230
2017-05-10 10:21:00,12.92,8210
2017-05-10 10:21:00,12.90,8530
2017-05-10 10:24:00,12.26,8570
2017-05-10 10:28:00,12.88,8780
2017-05-10 10:29:00,12.03,9180
2017-05-10 10:33:00,12.67,9850
2017-05-10 10:40:00,12.39,10800
2017-05-10 10:46:00,12.35,11590
2017-05-10 10:46:00,12.37,12040
2017-05-10 10:54:00,12.57,12540
2017-05-10 10:55:00,12.66,13370
2017-05-10 10:59:00,12.12,13720
2017-05-10 11:00:00,12.71,13930
2017-05-10 11:04:00,12.15,14360
2017-05-10 11:05:00,12.88,15040
2017-05-10 11:10:00,12.00,15750
2017-05-10 11:12:00,12.03,16110
2017-05-10 11:17:00,12.62,16720
2017-05-10 11:17:00,12.90,17680
2017-05-10 11:20:00,12.95,18010
2017-05-10 11:22:00,12.93,18420
2017-05-10 11:23:00,12.36,18980
2017-05-10 11:28:00,12.15,18990
2017-05-10 11:29:00,12.90,19920
2017-05-10 11:35:00,12.07,20110
2017-05-10 11:36:00,12.97,20930
2017-05-10 11:44:00,12.53,21210
2017-05-10 11:48:00,12.07,22110
2017-05-10 11:56:00,12.28,22960
2017-05-10 12:03:00,12.29,23280
2017-05-10 12:06:00,12.56,23380
2017-05-10 12:07:00,12.84,23390
2017-05-10 12:07:00,12.38,23720
2017-05-10 12:13:00,12.48,24460
2017-05-10 12:13:00,12.18,25220
2017-05-10 12:18:00,12.89,25570
2017-05-10 12:25:00,12.38,26050
2017-05-10 12:27:00,12.29,26580
2017-05-10 12:35:00,12.83,27050
2017-05-10 12:44:00,12.22,27090
2017-05-10 12:46:00,12.30,27640
2017-05-10 12:52:00,12.65,28350
2017-05-10 12:54:00,12.98,28790
2017-05-10 12:58:00,12.67,28850
2017-05-10 13:02:00,12.45,29500
2017-05-10 13:04:00,12.73,30160
2017-05-10 13:08:00,12.28,30570
2017-05-10 13:11:00,12.64,30730
2017-05-10 13:16:00,12.82,31650
2017-05-10 13:23:00,12.79,32120
2017-05-10 13:26:00,12.25,32860
2017-05-10 13:28:00,12.82,33390
2017-05-10 13:36:00,12.89,34080
2017-05-10 13:45:00,12.45,34450
2017-05-10 13:51:00,12.24,35360
2017-05-10 13:55:00,12.80,35840
2017-05-10 14:02:00,12.10,36070
2017-05-10 14:02:00,12.16,36810
2017-05-10 14:03:00,12.04,37100
2017-05-10 14:05:00,12.57,38030
2017-05-10 14:06:00,12.09,38250
2017-05-10 14:15:00,12.82,38540
2017-05-10 14:16:00,12.97,38630
2017-05-10 14:18:00,12.84,39110
2017-05-10 14:23:00,12.14,40100
2017-05-10 14:25:00,12.54,40340
2017-05-10 14:30:00,12.33,40550
2017-05-10 14:30:00,12.59,40880
2017-05-10 14:34:00,12.83,41110
2017-05-10 14:34:00,12.23,41520
2017-05-10 14:37:00,12.45,41610
2017-05-10 14:37:00,12.57,41860
2017-05-10 14:38:00,12.05,42740
2017-05-10 14:46:00,12.09,43050
2017-05-10 14:46:00,12.62,43170
2017-05-10 14:47:00,12.87,43980
2017-05-10 14:51:00,12.49,44040
2017-05-10 15:00:00,12.24,44400
2017-05-10 15:08:00,12.46,45340
2017-05-10 15:09:00,12.26,46270
2017-05-10 15:10:00,12.47,46820
2017-05-10 15:10:00,12.31,47670
2017-05-10 15:18:00,12.51,47810
2017-05-10 15:19:00,12.15,48410
2017-05-10 15:21:00,12.75,48670
2017-05-10 15:21:00,12.57,49520
2017-05-10 15:29:00,12.56,50290
2017-05-10 15:32:00,12.50,50830
2017-05-10 15:36:00,12.04,50940
2017-05-10 15:43:00,12.89,51140
2017-05-10 15:44:00,12.70,51230
2017-05-10 15:49:00,12.44,51890
2017-05-10 15:56:00,12.34,52200
*******************************************
2017-05-11 09:00:00,12.61,630
2017-05-11 09:09:00,12.64,1480
2017-05-11 09:17:00,12.58,1640
2017-05-11 09:24:00,12.68,1850
2017-05-11 09:25:00,12.03,2170
2017-05-11 09:26:00,12.81,2980
2017-05-11 09:35:00,12.54,3490
2017-05-11 09:42:00,12.30,4340
2017-05-11 09:47:00,12.51,5250
2017-05-11 09:52:00,12.64,5900
2017-05-11 09:55:00,12.61,6280
2017-05-11 09:59:00,12.44,6570
2017-05-11 10:05:00,12.98,7460
2017-05-11 10:14:00,12.25,7570
2017-05-11 10:19:00,12.84,8100
2017-05-11 10:24:00,12.39,9010
2017-05-11 10:29:00,12.08,9840
2017-05-11 10:35:00,12.03,10080
2017-05-11 10:40:00,12.97,10870
2017-05-11 10:47:00,12.78,11780
2017-05-11 10:50:00,12.75,11980
2017-05-11 10:59:00,12.66,12060
2017-05-11 11:08:00,12.02,12480
2017-05-11 11:10:00,12.76,12870
2017-05-11 11:10:00,12.47,13820
2017-05-11 11:18:00,12.51,14500
2017-05-11 11:20:00,12.60,15420
2017-05-11 11:24:00,12.78,15570
2017-05-11 11:30:00,12.70,16060
2017-05-11 11:36:00,12.53,16230
2017-05-11 11:37:00,12.09,16780
2017-05-11 11:46:00,12.99,17060
2017-05-11 11:50:00,12.79,17800
2017-05-11 11:54:00,12.20,18220
2017-05-11 11:57:00,12.82,18500
2017-05-11 12:05:00,12.79,19040
2017-05-11 12:06:00,12.26,19610
2017-05-11 12:06:00,12.53,20350
2017-05-11 12:15:00,12.14,20410
2017-05-11 12:15:00,12.25,20960
2017-05-11 12:18:00,12.76,21640
2017-05-11 12:19:00,12.61,22510
2017-05-11 12:26:00,12.66,22980
2017-05-11 12:30:00,12.72,23880
2017-05-11 12:35:00,12.03,24740
2017-05-11 12:37:00,12.62,25370
2017-05-11 12:37:00,12.85,25780
2017-05-11 12:39:00,12.46,26750
2017-05-11 12:48:00,12.81,27370
2017-05-11 12:52:00,12.54,27720
2017-05-11 12:56:00,12.16,28510
2017-05-11 13:03:00,12.22,29330
2017-05-11 13:04:00,12.70,29520
2017-05-11 13:07:00,12.43,29590
2017-05-11 13:11:00,12.61,30470
2017-05-11 13:11:00,12.41,31350
2017-05-11 13:17:00,12.27,32020
2017-05-11 13:17:00,12.44,32250
2017-05-11 13:23:00,12.60,32430
2017-05-11 13:27:00,12.24,33280
2017-05-11 13:36:00,12.50,34100
2017-05-11 13:45:00,12.43,34540
2017-05-11 13:48:00,12.28,34790
2017-05-11 13:56:00,12.98,34830
2017-05-11 14:04:00,12.01,35630
2017-05-11 14:08:00,12.07,36400
2017-05-11 14:17:00,12.09,36670
2017-05-11 14:20:00,12.29,36890
2017-05-11 14:25:00,12.36,37420
2017-05-11 14:31:00,12.57,37850
2017-05-11 14:35:00,12.76,37920
2017-05-11 14:44:00,12.08,38450
2017-05-11 14:51:00,12.57,38870
2017-05-11 14:54:00,12.84,39330
2017-05-11 15:01:00,12.63,39680
2017-05-11 15:07:00,12.56,40490
2017-05-11 15:07:00,12.08,41080
2017-05-11 15:13:00,12.99,41810
2017-05-11 15:21:00,12.43,42400
2017-05-11 15:25:00,12.28,43180
2017-05-11 15:25:00,12.93,43690
2017-05-11 15:32:00,12.51,44510
2017-05-11 15:35:00,12.90,45450
2017-05-11 15:43:00,12.12,46120
2017-05-11 15:49:00,12.23,46460
2017-05-11 15:52:00,12.11,47230
*******************************************
2017-05-12 09:00:00,12.43,560
2017-05-12 09:01:00,12.86,610
2017-05-12 09:09:00,12.21,1130
2017-05-12 09:18:00,12.06,1230
2017-05-12 09:26:00,12.12,1410
2017-05-12 09:33:00,12.14,2050
2017-05-12 09:37:00,12.27,2120
2017-05-12 09:44:00,12.09,2940
2017-05-12 09:49:00,12.53,3010
2017-05-12 09:56:00,12.85,3230
2017-05-12 10:01:00,12.62,3670
2017-05-12 10:08:00,12.42,3780
2017-05-12 10:12:00,12.09,3990
2017-05-12 10:15:00,12.04,4920
2017-05-12 10:16:00,12.22,5250
2017-05-12 10:23:00,12.91,5930
2017-05-12 10:24:00,12.77,6220
2017-05-12 10:26:00,12.74,7030
2017-05-12 10:26:00,12.20,7600
2017-05-12 10:29:00,12.18,8500
2017-05-12 10:35:00,12.29,8650
2017-05-12 10:44:00,12.44,8990
2017-05-12 10:46:00,12.50,9930
2017-05-12 10:52:00,12.28,10440
2017-05-12 10:54:00,12.59,11180
2017-05-12 11:03:00,12.38,11940
2017-05-12 11:05:00,12.33,12380
2017-05-12 11:14:00,12.91,12610
2017-05-12 11:21:00,12.74,13400
2017-05-12 11:21:00,12.82,13980
2017-05-12 11:21:00,12.93,14920
2017-05-12 11:24:00,12.46,15610
2017-05-12 11:27:00,12.68,16440
2017-05-12 11:30:00,12.25,17350
2017-05-12 11:30:00,12.44,17400
2017-05-12 11:37:00,12.03,18250
2017-05-12 11:42:00,12.86,18590
2017-05-12 11:47:00,12.44,18770
2017-05-12 11:47:00,12.38,19330
2017-05-12 11:48:00,12.92,19860
2017-05-12 11:55:00,12.08,20550
2017-05-12 11:59:00,12.40,21460
2017-05-12 12:07:00,12.78,21800
2017-05-12 12:11:00,12.84,21910
2017-05-12 12:15:00,12.01,22160
2017-05-12 12:23:00,12.80,22810
2017-05-12 12:23:00,12.60,23480
2017-05-12 12:26:00,12.44,24010
2017-05-12 12:28:00,12.32,24440
2017-05-12 12:31:00,12.76,24930
2017-05-12 12:40:00,12.44,24950
2017-05-12 12:42:00,12.88,25920
2017-05-12 12:47:00,12.44,26060
2017-05-12 12:52:00,12.26,26340
2017-05-12 12:58:00,12.05,26630
2017-05-12 13:02:00,12.97,26690
2017-05-12 13:11:00,12.81,26950
2017-05-12 13:14:00,12.29,27550
2017-05-12 13:17:00,12.56,28070
2017-05-12 13:20:00,12.67,28580
2017-05-12 13:28:00,12.98,29350
2017-05-12 13:30:00,12.20,29950
2017-05-12 13:39:00,12.50,30120
2017-05-12 13:48:00,12.91,30650
2017-05-12 13:49:00,12.19,31300
2017-05-12 13:50:00,12.17,32250
2017-05-12 13:51:00,12.90,32420
2017-05-12 13:52:00,12.41,32920
2017-05-12 13:58:00,12.44,33850
2017-05-12 13:59:00,12.68,34620
2017-05-12 13:59:00,12.30,34920
2017-05-12 13:59:00,12.64,35010
2017-05-12 14:04:00,12.55,35760
2017-05-12 14:11:00,12.23,36080
2017-05-12 14:14:00,12.97,36850
2017-05-12 14:18:00,12.07,37460
2017-05-12 14:20:00,12.28,37940
2017-05-12 14:22:00,12.49,38110
2017-05-12 14:23:00,12.84,38640
2017-05-12 14:30:00,12.14,38670
2017-05-12 14:30:00,12.78,39610
2017-05-12 14:36:00,12.73,40250
2017-05-12 14:43:00,12.39,40730
2017-05-12 14:51:00,12.17,41530
2017-05-12 14:52:00,12.92,41660
2017-05-12 15:00:00,12.73,42300
2017-05-12 15:03:00,12.22,42590
2017-05-12 15:06:00,12.03,43510
2017-05-12 15:14:00,12.80,44120
2017-05-12 15:15:00,12.61,44550
2017-05-12 15:18:00,12.78,45160
2017-05-12 15:18:00,12.14,45570
2017-05-12 15:19:00,13.00,45760
2017-05-12 15:20:00,12.87,46320
2017-05-12 15:27:00,12.66,47020
2017-05-12 15:31:00,12.05,47970
2017-05-12 15:40:00,12.74,48800
2017-05-12 15:47:00,12.99,49100
2017-05-12 15:52:00,12.39,49310
2017-05-12 15:58:00,12.66,49570
*******************************************
2017-05-13 09:00:00,12.84,720
2017-05-13 09:01:00,12.87,1690
2017-05-13 09:01:00,12.40,2230
2017-05-13 09:02:00,12.77,3090
2017-05-13 09:06:00,12.45,3180
2017-05-13 09:10:00,12.22,3570
2017-05-13 09:10:00,12.69,3770
2017-05-13 09:16:00,12.10,4140
2017-05-13 09:16:00,12.83,4550
2017-05-13 09:24:00,12.16,4670
2017-05-13 09:33:00,12.17,4960
2017-05-13 09:37:00,12.94,5110
2017-05-13 09:41:00,12.19,5490
2017-05-13 09:44:00,12.60,6310
2017-05-13 09:53:00,12.98,6470
2017-05-13 09:55:00,12.85,7020
2017-05-13 09:59:00,12.39,7310
2017-05-13 10:00:00,12.41,7890
2017-05-13 10:01:00,12.79,7960
2017-05-13 10:02:00,12.39,8370
2017-05-13 10:08:00,12.35,9360
2017-05-13 10:17:00,13.00,10200
2017-05-13 10:20:00,12.81,11190
2017-05-13 10:29:00,12.02,11680
2017-05-13 10:37:00,12.63,12060
2017-05-13 10:44:00,12.43,12610
2017-05-13 10:47:00,12.25,13510
2017-05-13 10:51:00,12.62,13660
2017-05-13 10:59:00,12.37,14300
2017-05-13 11:00:00,12.61,14740
2017-05-13 11:03:00,12.90,15620
2017-05-13 11:12:00,12.27,15640
2017-05-13 11:19:00,12.43,16290
2017-05-13 11:19:00,12.06,17100
2017-05-13 11:27:00,12.83,17950
2017-05-13 11:33:00,12.57,18670
2017-05-13 11:40:00,12.35,19280
2017-05-13 11:44:00,12.39,19510
2017-05-13 11:52:00,12.48,19540
2017-05-13 12:00:00,12.89,19750
2017-05-13 12:05:00,12.73,19850
2017-05-13 12:05:00,12.96,20160
2017-05-13 12:08:00,12.96,20430
2017-05-13 12:17:00,12.16,21410
2017-05-13 12:18:00,12.88,21490
2017-05-13 12:25:00,12.72,22090
2017-05-13 12:32:00,12.78,22910
2017-05-13 12:33:00,12.14,23380
2017-05-13 12:38:00,12.75,23840
2017-05-13 12:45:00,12.20,24220
2017-05-13 12:53:00,12.25,24560
2017-05-13 13:00:00,12.67,24950
2017-05-13 13:02:00,12.93,25140
2017-05-13 13:07:00,12.13,25460
2017-05-13 13:12:00,12.69,25730
2017-05-13 13:21:00,12.95,25800
2017-05-13 13:27:00,12.90,26510
2017-05-13 13:32:00,12.39,27460
2017-05-13 13:39:00,12.38,28400
2017-05-13 13:46:00,12.52,28510
2017-05-13 13:47:00,12.63,29040
2017-05-13 13:55:00,12.76,29250
2017-05-13 13:57:00,12.15,29780
2017-05-13 14:00:00,12.78,30230
2017-05-13 14:07:00,12.20,30730
2017-05-13 14:10:00,12.30,31150
2017-05-13 14:11:00,12.23,31280
2017-05-13 14:18:00,12.58,31530
2017-05-13 14:19:00,12.93,31810
2017-05-13 14:22:00,12.13,31840
2017-05-13 14:22:00,12.80,31920
2017-05-13 14:31:00,12.41,32660
2017-05-13 14:33:00,12.60,33150
2017-05-13 14:33:00,12.05,33360
2017-05-13 14:35:00,12.70,34030
2017-05-13 14:36:00,12.35,34730
2017-05-13 14:44:00,12.68,35180
2017-05-13 14:48:00,12.33,35830
2017-05-13 14:55:00,12.45,36310
2017-05-13 14:58:00,12.06,36780
2017-05-13 15:03:00,12.54,36840
2017-05-13 15:05:00,12.05,37340
2017-05-13 15:07:00,12.42,38160
2017-05-13 15:14:00,12.85,38330
2017-05-13 15:19:00,12.81,38960
2017-05-13 15:26:00,12.91,39570
2017-05-13 15:27:00,12.40,40280
2017-05-13 15:30:00,12.50,40350
2017-05-13 15:33:00,12.60,41120
2017-05-13 15:41:00,12.61,41480
2017-05-13 15:45:00,12.49,41790
2017-05-13 15:54:00,12.17,42110
2017-05-13 15:56:00,12.97,42720
*******************************************
2017-05-14 09:00:00,12.32,550
2017-05-14 09:02:00,12.06,1400
2017-05-14 09:04:00,12.79,1470
2017-05-14 09:13:00,12.31,2440
2017-05-14 09:22:00,12.00,3010
2017-05-14 09:30:00,12.89,3030
2017-05-14 09:33:00,12.93,3980
2017-05-14 09:38:00,12.36,4190
2017-05-14 09:40:00,12.35,4330
2017-05-14 09:41:00,12.14,4550
2017-05-14 09:47:00,12.47,5430
2017-05-14 09:54:00,12.40,5900
2017-05-14 09:57:00,12.68,6160
2017-05-14 09:58:00,12.86,6640
2017-05-14 10:06:00,12.86,7110
2017-05-14 10:13:00,12.14,7710
2017-05-14 10:14:00,12.51,7760
2017-05-14 10:21:00,12.22,8750
2017-05-14 10:22:00,12.66,8890
2017-05-14 10:22:00,12.55,9530
2017-05-14 10:30:00,12.46,10180
2017-05-14 10:36:00,12.19,10410
2017-05-14 10:41:00,12.78,11330
2017-05-14 10:45:00,12.24,12150
2017-05-14 10:47:00,12.21,12870
2017-05-14 10:51:00,12.28,13520
2017-05-14 10:55:00,12.60,14200
2017-05-14 10:55:00,12.66,14890
2017-05-14 11:00:00,12.45,15860
2017-05-14 11:04:00,12.27,16770
2017-05-14 11:11:00,12.42,17090
2017-05-14 11:19:00,12.03,17720
2017-05-14 11:19:00,12.74,18650
2017-05-14 11:22:00,12.46,19150
2017-05-14 11:22:00,12.24,19770
2017-05-14 11:23:00,12.40,20110
2017-05-14 11:25:00,12.57,20730
2017-05-14 11:28:00,12.68,21220
2017-05-14 11:28:00,12.36,21660
2017-05-14 11:29:00,12.31,22390
2017-05-14 11:30:00,12.20,23180
2017-05-14 11:35:00,12.94,24080
2017-05-14 11:43:00,12.11,24470
2017-05-14 11:50:00,12.00,25080
2017-05-14 11:54:00,12.22,25760
2017-05-14 11:57:00,12.62,26720
2017-05-14 11:59:00,12.69,27570
2017-05-14 12:00:00,12.86,28140
2017-05-14 12:02:00,12.94,28360
2017-05-14 12:05:00,12.78,29210
2017-05-14 12:14:00,12.96,29260
2017-05-14 12:14:00,12.66,29730
2017-05-14 12:23:00,12.54,30250
2017-05-14 12:30:00,12.81,30850
2017-05-14 12:33:00,12.18,31450
2017-05-14 12:33:00,12.79,32310
2017-05-14 12:36:00,12.82,32980
2017-05-14 12:39:00,12.75,33060
2017-05-14 12:42:00,12.05,33840
2017-05-14 12:44:00,12.01,34800
2017-05-14 12:53:00,12.98,35390
2017-05-14 12:59:00,12.00,36370
2017-05-14 13:01:00,12.60,36700
2017-05-14 13:02:00,12.54,37250
2017-05-14 13:05:00,12.37,38160
2017-05-14 13:12:00,12.72,38760
2017-05-14 13:21:00,12.01,38790
2017-05-14 13:28:00,12.24,39750
2017-05-14 13:33:00,12.30,40720
2017-05-14 13:41:00,12.07,40830
2017-05-14 13:50:00,12.64,41040
2017-05-14 13:55:00,12.78,41240
2017-05-14 13:55:00,12.91,41250
2017-05-14 13:57:00,12.27,42110
2017-05-14 13:58:00,12.09,42290
2017-05-14 14:07:00,12.56,42400
2017-05-14 14:13:00,12.27,43120
2017-05-14 14:13:00,12.85,43800
2017-05-14 14:17:00,12.38,44610
2017-05-14 14:20:00,12.08,45460
2017-05-14 14:27:00,12.38,45600
2017-05-14 14:28:00,12.50,45870
2017-05-14 14:30:00,12.33,46070
2017-05-14 14:31:00,12.28,46440
2017-05-14 14:40:00,12.11,46740
2017-05-14 14:46:00,12.69,47710
2017-05-14 14:50:00,12.62,48260
2017-05-14 14:54:00,12.03,49110
2017-05-14 14:54:00,12.89,49210
2017-05-14 14:54:00,12.20,50070
2017-05-14 15:03:00,12.68,50720
2017-05-14 15:03:00,12.16,51610
2017-05-14 15:08:00,12.49,52480
2017-05-14 15:09:00,12.86,53030
2017-05-14 15:13:00,12.77,53160
2017-05-14 15:19:00,12.70,53650
2017-05-14 15:23:00,12.88,53850
2017-05-14 15:30:00,12.47,54530
2017-05-14 15:34:00,12.42,55100
2017-05-14 15:42:00,12.34,55290
2017-05-14 15:47:00,12.63,56020
2017-05-14 15:49:00,12.07,56670
2017-05-14 15:49:00,12.78,57370
2017-05-14 15:52:00,12.65,58320
2017-05-14 15:57:00,12.92,58430
*******************************************
2017-05-15 09:00:00,12.26,70
2017-05-15 09:08:00,12.81,630
2017-05-15 09:09:00,12.87,740
2017-05-15 09:15:00,12.63,1580
2017-05-15 09:21:00,12.93,2020
2017-05-15 09:28:00,12.79,2770
2017-05-15 09:35:00,12.02,3330
2017-05-15 09:35:00,12.64,3360
2017-05-15 09:44:00,12.77,3550
2017-05-15 09:45:00,12.86,3740
2017-05-15 09:48:00,12.74,4670
2017-05-15 09:51:00,12.41,5090
2017-05-15 09:52:00,12.23,5340
2017-05-15 09:53:00,12.31,5880
2017-05-15 10:00:00,12.42,6820
2017-05-15 10:08:00,12.42,7520
2017-05-15 10:11:00,12.17,7550
2017-05-15 10:18:00,12.81,8410
2017-05-15 10:18:00,12.92,9090
2017-05-15 10:25:00,12.58,9790
2017-05-15 10:30:00,12.31,10690
2017-05-15 10:34:00,12.60,11200
2017-05-15 10:34:00,12.62,12190
2017-05-15 10:42:00,12.97,12720
2017-05-15 10:51:00,12.27,13290
2017-05-15 10:53:00,12.49,13820
2017-05-15 11:02:00,12.62,14570
2017-05-15 11:07:00,12.37,15120
2017-05-15 11:09:00,12.62,15210
2017-05-15 11:12:00,12.87,15770
2017-05-15 11:19:00,12.67,16250
2017-05-15 11:28:00,12.20,16750
2017-05-15 11:29:00,12.19,16930
2017-05-15 11:36:00,12.74,17170
2017-05-15 11:43:00,12.55,17780
2017-05-15 11:45:00,12.52,18370
2017-05-15 11:50:00,12.57,18440
2017-05-15 11:51:00,12.29,19030
2017-05-15 11:56:00,12.67,19420
2017-05-15 12:03:00,12.71,19620
2017-05-15 12:10:00,12.50,20080
2017-05-15 12:16:00,12.58,20370
2017-05-15 12:16:00,12.04,21000
2017-05-15 12:19:00,12.97,21930
2017-05-15 12:20:00,12.11,22810
2017-05-15 12:27:00,12.64,23230
2017-05-15 12:27:00,12.77,23390
2017-05-15 12:33:00,12.34,23800
2017-05-15 12:36:00,12.62,23870
2017-05-15 12:44:00,12.63,24580
2017-05-15 12:50:00,12.15,25380
2017-05-15 12:50:00,12.01,26360
2017-05-15 12:55:00,12.78,26890
2017-05-15 12:55:00,12.48,27170
2017-05-15 13:00:00,12.41,27620
2017-05-15 13:00:00,12.71,28610
2017-05-15 13:03:00,12.94,29210
2017-05-15 13:08:00,12.36,30180
2017-05-15 13:08:00,12.96,30720
2017-05-15 13:08:00,12.31,30750
2017-05-15 13:12:00,12.96,30870
2017-05-15 13:17:00,12.87,31000
2017-05-15 13:17:00,12.76,31420
2017-05-15 13:26:00,12.19,31720
2017-05-15 13:31:00,12.80,32710
2017-05-15 13:31:00,12.11,32920
2017-05-15 13:36:00,12.61,33430
2017-05-15 13:43:00,12.29,33690
2017-05-15 13:43:00,12.64,33730
2017-05-15 13:49:00,12.58,34530
2017-05-15 13:50:00,12.86,34820
2017-05-15 13:58:00,12.55,35280
2017-05-15 14:03:00,12.94,36150
2017-05-15 14:11:00,12.06,36660
2017-05-15 14:13:00,12.65,37470
2017-05-15 14:22:00,12.60,38110
2017-05-15 14:25:00,12.87,39080
2017-05-15 14:28:00,12.93,39460
2017-05-15 14:32:00,12.96,39520
2017-05-15 14:34:00,12.53,39530
2017-05-15 14:43:00,12.19,40240
2017-05-15 14:52:00,12.75,40890
2017-05-15 14:57:00,12.67,41710
2017-05-15 15:02:00,12.28,41920
2017-05-15 15:06:00,12.32,41990
2017-05-15 15:10:00,12.33,42790
2017-05-15 15:12:00,12.12,43330
2017-05-15 15:14:00,12.51,44010
2017-05-15 15:18:00,12.83,44290
2017-05-15 15:25:00,12.02,45080
2017-05-15 15:29:00,12.49,45950
2017-05-15 15:34:00,12.33,46140
2017-05-15 15:37:00,12.44,47060
2017-05-15 15:39:00,12.58,47130
2017-05-15 15:48:00,12.23,47430
2017-05-15 15:53:00,12.75,48080
*******************************************
2017-05-16 09:00:00,12.96,380
2017-05-16 09:02:00,12.83,680
2017-05-16 09:10:00,12.80,1540
2017-05-16 09:12:00,12.14,1850
2017-05-16 09:20:00,12.60,2360
2017-05-16 09:24:00,12.27,2500
2017-05-16 09:32:00,12.51,2920
2017-05-16 09:40:00,12.11,3530
2017-05-16 09:45:00,12.00,3690
2017-05-16 09:51:00,12.06,4330
2017-05-16 10:00:00,12.73,4560
2017-05-16 10:06:00,12.59,5460
2017-05-16 10:06:00,12.06,5510
2017-05-16 10:11:00,12.80,5890
2017-05-16 10:16:00,12.84,6600
2017-05-16 10:23:00,12.28,6700
2017-05-16 10:25:00,12.62,6790
2017-05-16 10:29:00,12.79,7300
2017-05-16 10:31:00,12.24,8190
2017-05-16 10:38:00,12.78,8250
2017-05-16 10:41:00,12.82,8540
2017-05-16 10:47:00,12.28,9270
2017-05-16 10:54:00,12.53,9780
2017-05-16 11:01:00,12.29,10080
2017-05-16 11:03:00,12.38,10450
2017-05-16 11:07:00,12.06,11130
2017-05-16 11:09:00,12.36,12090
2017-05-16 11:17:00,12.73,12170
2017-05-16 11:26:00,12.75,12680
2017-05-16 11:26:00,12.85,13310
2017-05-16 11:30:00,12.56,14080
2017-05-16 11:36:00,12.13,14390
2017-05-16 11:44:00,12.41,14720
2017-05-16 11:47:00,12.89,15000
2017-05-16 11:56:00,12.98,15990
2017-05-16 11:59:00,12.57,16930
2017-05-16 12:07:00,12.17,17700
2017-05-16 12:08:00,12.23,18160
2017-05-16 12:12:00,12.53,18330
2017-05-16 12:12:00,12.23,18970
2017-05-16 12:13:00,12.38,19620
2017-05-16 12:14:00,12.28,19660
2017-05-16 12:14:00,12.12,20170
2017-05-16 12:19:00,12.45,21150
2017-05-16 12:19:00,12.25,21890
2017-05-16 12:28:00,12.69,21940
2017-05-16 12:30:00,12.46,22610
2017-05-16 12:30:00,12.10,23330
2017-05-16 12:35:00,12.18,23920
2017-05-16 12:42:00,12.10,24060
2017-05-16 12:42:00,12.26,24850
2017-05-16 12:43:00,12.30,25550
2017-05-16 12:47:00,12.86,26430
2017-05-16 12:55:00,12.74,26730
2017-05-16 12:55:00,12.34,27440
2017-05-16 13:03:00,12.53,28380
2017-05-16 13:03:00,12.57,29270
2017-05-16 13:08:00,12.11,29500
2017-05-16 13:09:00,12.18,30490
2017-05-16 13:12:00,12.17,30860
2017-05-16 13:16:00,12.32,31310
2017-05-16 13:21:00,12.59,31900
2017-05-16 13:24:00,12.10,32020
2017-05-16 13:32:00,12.76,32280
2017-05-16 13:35:00,12.11,33020
2017-05-16 13:43:00,12.70,33700
2017-05-16 13:45:00,12.73,34280
2017-05-16 13:48:00,12.60,34400
2017-05-16 13:48:00,12.87,34710
2017-05-16 13:48:00,12.38,35210
2017-05-16 13:55:00,12.91,35390
2017-05-16 14:02:00,12.53,35720
2017-05-16 14:08:00,12.75,35810
2017-05-16 14:17:00,12.74,36170
2017-05-16 14:25:00,12.68,36790
2017-05-16 14:27:00,12.97,37620
2017-05-16 14:27:00,12.98,38400
2017-05-16 14:28:00,12.97,38430
2017-05-16 14:37:00,12.24,38470
2017-05-16 14:40:00,12.81,39280
2017-05-16 14:42:00,12.81,39700
2017-05-16 14:45:00,12.93,40440
2017-05-16 14:49:00,12.68,41400
2017-05-16 14:55:00,12.10,41570
2017-05-16 15:03:00,12.09,42060
2017-05-16 15:06:00,12.62,42800
2017-05-16 15:06:00,12.23,42830
2017-05-16 15:13:00,12.85,43310
2017-05-16 15:20:00,12.89,43640
2017-05-16 15:28:00,12.74,44330
2017-05-16 15:28:00,12.65,44460
2017-05-16 15:33:00,12.17,45320
2017-05-16 15:41:00,12.20,45620
2017-05-16 15:48:00,12.69,45770
2017-05-16 15:48:00,13.00,46490
2017-05-16 15:49:00,12.97,46640
2017-05-16 15:57:00,12.14,46990
*******************************************
2017-05-17 09:00:00,12.67,880
2017-05-17 09:06:00,12.11,1570
2017-05-17 09:11:00,12.65,2070
2017-05-17 09:11:00,12.16,2410
2017-05-17 09:12:00,12.03,3060
2017-05-17 09:13:00,12.86,3170
2017-05-17 09:18:00,12.99,3410
2017-05-17 09:22:00,12.25,3830
2017-05-17 09:23:00,12.37,4140
2017-05-17 09:27:00,12.13,4950
2017-05-17 09:29:00,12.09,5270
2017-05-17 09:30:00,12.74,5960
2017-05-17 09:37:00,12.24,6420
2017-05-17 09:40:00,12.08,6470
2017-05-17 09:42:00,12.32,7330
2017-05-17 09:48:00,12.67,7770
2017-05-17 09:54:00,12.21,7790
2017-05-17 10:01:00,12.85,8120
2017-05-17 10:09:00,12.51,8940
2017-05-17 10:14:00,12.55,9440
2017-05-17 10:20:00,12.22,9630
2017-05-17 10:20:00,12.35,9890
2017-05-17 10:29:00,12.75,10500
2017-05-17 10:37:00,12.34,11290
2017-05-17 10:45:00,12.71,11940
2017-05-17 10:51:00,12.82,12910
2017-05-17 10:52:00,12.04,13200
2017-05-17 10:57:00,12.02,13720
2017-05-17 11:04:00,12.08,13860
2017-05-17 11:08:00,12.37,14540
2017-05-17 11:08:00,12.05,14690
2017-05-17 11:17:00,12.02,15490
2017-05-17 11:19:00,12.04,16280
2017-05-17 11:26:00,12.78,16660
2017-05-17 11:33:00,12.21,17070
2017-05-17 11:36:00,12.29,17390
2017-05-17 11:45:00,12.68,17880
2017-05-17 11:45:00,12.03,18060
2017-05-17 11:48:00,12.99,18680
2017-05-17 11:51:00,12.69,18860
2017-05-17 11:52:00,12.64,18990
2017-05-17 11:56:00,12.41,19040
2017-05-17 12:04:00,12.24,19790
2017-05-17 12:13:00,12.62,20120
2017-05-17 12:22:00,12.86,20910
2017-05-17 12:30:00,12.17,21330
2017-05-17 12:33:00,12.56,21990
2017-05-17 12:35:00,12.93,22610
2017-05-17 12:44:00,12.69,23530
2017-05-17 12:52:00,12.52,23970
2017-05-17 12:59:00,12.81,24200
2017-05-17 13:06:00,12.64,24440
2017-05-17 13:07:00,12.67,25060
2017-05-17 13:10:00,12.64,25850
2017-05-17 13:14:00,12.63,26390
2017-05-17 13:17:00,12.05,27370
2017-05-17 13:25:00,12.94,27720
2017-05-17 13:34:00,12.12,27880
2017-05-17 13:41:00,12.56,28080
2017-05-17 13:47:00,12.59,28640
2017-05-17 13:53:00,12.59,29480
2017-05-17 13:59:00,12.21,30210
2017-05-17 13:59:00,12.94,30710
2017-05-17 14:00:00,12.97,31120
2017-05-17 14:04:00,12.77,31730
2017-05-17 14:12:00,12.67,31760
2017-05-17 14:13:00,12.85,32650
2017-05-17 14:15:00,13.00,32860
2017-05-17 14:17:00,12.81,33550
2017-05-17 14:20:00,12.88,33650
2017-05-17 14:29:00,12.91,33800
2017-05-17 14:31:00,12.67,33850
2017-05-17 14:39:00,12.76,34270
2017-05-17 14:39:00,12.20,35180
2017-05-17 14:41:00,12.52,35690
2017-05-17 14:44:00,12.37,35810
2017-05-17 14:47:00,12.85,36610
2017-05-17 14:49:00,12.30,37510
2017-05-17 14:58:00,12.96,38500
2017-05-17 15:06:00,12.33,38960
2017-05-17 15:11:00,12.64,39800
2017-05-17 15:14:00,12.48,40720
2017-05-17 15:15:00,12.29,40790
2017-05-17 15:20:00,12.29,41100
2017-05-17 15:22:00,12.61,41510
2017-05-17 15:27:00,12.38,42140
2017-05-17 15:31:00,12.72,42980
2017-05-17 15:37:00,12.67,43750
2017-05-17 15:41:00,12.19,44450
2017-05-17 15:44:00,12.89,44920
2017-05-17 15:45:00,12.03,45320
2017-05-17 15:50:00,12.96,45460
2017-05-17 15:52:00,12.36,45710
*******************************************
2017-05-18 09:00:00,12.96,400
2017-05-18 09:07:00,12.88,680
2017-05-18 09:11:00,12.26,1000
2017-05-18 09:18:00,12.35,1780
2017-05-18 09:18:00,12.49,2360
2017-05-18 09:23:00,12.44,3030
2017-05-18 09:24:00,12.36,3040
2017-05-18 09:33:00,12.73,3240
2017-05-18 09:37:00,12.61,3260
2017-05-18 09:46:00,12.74,3710
2017-05-18 09:53:00,12.19,3930
2017-05-18 10:00:00,12.25,4840
2017-05-18 10:07:00,12.72,4860
2017-05-18 10:13:00,12.06,5040
2017-05-18 10:13:00,12.06,5690
2017-05-18 10:13:00,12.57,6600
2017-05-18 10:16:00,12.51,6730
2017-05-18 10:17:00,12.06,6980
2017-05-18 10:18:00,12.34,7580
2017-05-18 10:26:00,12.24,8130
2017-05-18 10:26:00,12.76,8810
2017-05-18 10:26:00,12.53,9580
2017-05-18 10:27:00,12.45,10060
2017-05-18 10:28:00,12.24,10790
2017-05-18 10:37:00,12.90,11580
2017-05-18 10:42:00,12.76,11710
2017-05-18 10:47:00,12.87,12040
2017-05-18 10:54:00,12.17,12350
2017-05-18 11:03:00,12.45,12980
2017-05-18 11:04:00,12.81,13190
2017-05-18 11:05:00,12.17,13310
2017-05-18 11:10:00,12.14,14290
2017-05-18 11:10:00,12.95,15230
2017-05-18 11:11:00,12.02,16140
2017-05-18 11:17:00,12.51,16870
2017-05-18 11:22:00,12.19,17340
2017-05-18 11:22:00,12.48,18150
2017-05-18 11:23:00,12.66,18580
2017-05-18 11:32:00,12.09,19300
2017-05-18 11:38:00,12.82,19660
2017-05-18 11:42:00,12.05,19970
2017-05-18 11:46:00,12.78,20420
2017-05-18 11:55:00,12.67,20690
2017-05-18 12:00:00,12.59,21150
2017-05-18 12:05:00,12.04,21590
2017-05-18 12:08:00,12.82,22520
2017-05-18 12:17:00,12.51,22880
2017-05-18 12:26:00,12.84,23810
2017-05-18 12:32:00,12.63,24120
2017-05-18 12:41:00,12.33,25030
2017-05-18 12:47:00,12.92,25230
2017-05-18 12:47:00,12.31,25530
2017-05-18 12:56:00,12.94,26130
2017-05-18 13:05:00,12.91,26600
2017-05-18 13:12:00,12.07,26970
2017-05-18 13:13:00,12.00,27540
2017-05-18 13:22:00,12.31,27900
2017-05-18 13:26:00,12.54,28830
2017-05-18 13:29:00,12.92,29680
2017-05-18 13:29:00,12.56,30100
2017-05-18 13:30:00,12.60,30570
2017-05-18 13:31:00,12.34,31490
2017-05-18 13:31:00,12.48,31990
2017-05-18 13:36:00,12.48,32180
2017-05-18 13:36:00,12.14,32860
2017-05-18 13:36:00,12.63,32870
2017-05-18 13:44:00,12.07,33340
2017-05-18 13:44:00,12.33,33960
2017-05-18 13:49:00,12.20,34530
2017-05-18 13:56:00,12.72,34750
2017-05-18 14:04:00,12.43,35060
2017-05-18 14:07:00,12.59,35130
2017-05-18 14:14:00,12.39,35480
2017-05-18 14:19:00,12.79,36290
2017-05-18 14:27:00,12.88,36650
2017-05-18 14:35:00,12.75,36910
2017-05-18 14:37:00,12.12,37020
2017-05-18 14:39:00,12.23,37990
2017-05-18 14:47:00,12.89,38300
2017-05-18 14:55:00,12.04,39150
2017-05-18 14:56:00,12.32,39360
2017-05-18 15:03:00,12.59,39770
2017-05-18 15:04:00,12.61,40650
2017-05-18 15:04:00,12.15,41210
2017-05-18 15:12:00,12.89,41680
2017-05-18 15:20:00,12.36,42080
2017-05-18 15:22:00,12.02,42150
2017-05-18 15:27:00,12.69,42190
2017-05-18 15:34:00,12.33,42930
2017-05-18 15:41:00,12.90,42960
2017-05-18 15:48:00,12.20,43520
2017-05-18 15:53:00,12.28,43620
2017-05-18 15:58:00,12.58,44490
*******************************************
2017-05-19 09:00:00,12.15,150
2017-05-19 09:06:00,12.31,710
2017-05-19 09:08:00,12.13,1500
2017-05-19 09:09:00,12.69,2080
2017-05-19 09:17:00,12.61,2440
2017-05-19 09:26:00,12.35,2710
2017-05-19 09:33:00,12.01,2990
2017-05-19 09:38:00,12.28,3750
2017-05-19 09:40:00,12.29,4300
2017-05-19 09:44:00,12.74,4730
2017-05-19 09:49:00,12.83,5140
2017-05-19 09:56:00,12.61,5660
2017-05-19 10:05:00,12.92,6270
2017-05-19 10:09:00,12.83,6400
2017-05-19 10:14:00,12.76,6840
2017-05-19 10:18:00,12.13,7260
2017-05-19 10:26:00,12.69,8160
2017-05-19 10:31:00,12.79,8470
2017-05-19 10:35:00,12.38,8540
2017-05-19 10:37:00,12.44,9120
2017-05-19 10:45:00,12.70,9390
2017-05-19 10:49:00,12.94,10370
2017-05-19 10:50:00,12.83,11010
2017-05-19 10:52:00,12.79,11990
2017-05-19 10:59:00,12.98,12960
2017-05-19 11:08:00,12.54,13340
2017-05-19 11:09:00,12.15,13860
2017-05-19 11:12:00,12.35,14090
2017-05-19 11:17:00,12.55,14240
2017-05-19 11:22:00,12.71,14810
2017-05-19 11:23:00,12.91,15090
2017-05-19 11:29:00,12.77,15380
2017-05-19 11:34:00,12.51,15400
2017-05-19 11:41:00,12.58,16190
2017-05-19 11:46:00,12.38,16550
2017-05-19 11:49:00,12.86,17220
2017-05-19 11:53:00,12.45,18060
2017-05-19 12:00:00,12.65,18710
2017-05-19 12:06:00,12.87,18850
2017-05-19 12:10:00,12.96,19680
2017-05-19 12:13:00,12.95,20380
2017-05-19 12:19:00,12.17,21220
2017-05-19 12:24:00,12.32,21920
2017-05-19 12:28:00,12.49,22880
2017-05-19 12:36:00,12.82,23570
2017-05-19 12:45:00,12.54,24090
2017-05-19 12:53:00,12.41,24430
2017-05-19 12:56:00,12.82,24900
2017-05-19 13:05:00,12.66,25850
2017-05-19 13:14:00,12.95,26100
2017-05-19 13:23:00,12.78,26800
2017-05-19 13:23:00,12.85,27660
2017-05-19 13:32:00,12.46,28570
2017-05-19 13:37:00,12.42,29180
2017-05-19 13:43:00,12.29,29390
2017-05-19 13:48:00,12.40,29420
2017-05-19 13:49:00,12.47,29610
2017-05-19 13:55:00,12.07,29990
2017-05-19 13:56:00,12.04,30900
2017-05-19 14:00:00,12.72,31220
2017-05-19 14:06:00,12.09,31440
2017-05-19 14:08:00,12.49,31580
2017-05-19 14:14:00,12.49,32430
2017-05-19 14:22:00,12.61,33270
2017-05-19 14:23:00,12.69,34140
2017-05-19 14:25:00,12.96,35060
2017-05-19 14:26:00,12.01,35470
2017-05-19 14:34:00,12.50,36080
2017-05-19 14:40:00,12.19,36980
2017-05-19 14:44:00,12.94,37690
2017-05-19 14:51:00,12.95,38150
2017-05-19 14:55:00,12.37,38950
2017-05-19 15:01:00,12.28,39670
2017-05-19 15:01:00,12.74,40400
2017-05-19 15:08:00,12.33,41210
2017-05-19 15:10:00,12.12,41720
2017-05-19 15:11:00,12.65,41930
2017-05-19 15:11:00,12.44,42230
2017-05-19 15:13:00,12.22,42630
2017-05-19 15:16:00,12.23,42690
2017-05-19 15:23:00,12.71,43680
2017-05-19 15:28:00,12.63,44360
2017-05-19 15:36:00,12.98,45150
2017-05-19 15:41:00,12.61,45250
2017-05-19 15:49:00,12.94,46190
2017-05-19 15:57:00,12.71,46320
*******************************************
2017-05-20 09:00:00,12.35,30
2017-05-20 09:06:00,12.82,730
2017-05-20 09:10:00,12.22,1060
2017-05-20 09:16:00,12.42,1200
2017-05-20 09:24:00,12.52,1700
2017-05-20 09:28:00,12.88,2670
2017-05-20 09:31:00,12.31,3500
2017-05-20 09:39:00,12.84,3730
2017-05-20 09:40:00,12.91,4710
2017-05-20 09:46:00,12.74,5400
2017-05-20 09:46:00,12.96,6130
2017-05-20 09:46:00,12.05,6450
2017-05-20 09:50:00,12.30,7410
2017-05-20 09:56:00,12.23,8320
2017-05-20 10:05:00,12.06,9290
2017-05-20 10:13:00,12.16,9710
2017-05-20 10:19:00,12.41,10330
2017-05-20 10:23:00,12.58,11150
2017-05-20 10:29:00,12.40,11730
2017-05-20 10:33:00,12.66,12680
2017-05-20 10:42:00,13.00,13120
2017-05-20 10:49:00,12.50,13900
2017-05-20 10:54:00,12.92,14450
2017-05-20 10:54:00,12.22,15070
2017-05-20 10:55:00,12.55,15180
2017-05-20 11:00:00,12.55,16170
2017-05-20 11:04:00,12.11,16440
2017-05-20 11:10:00,12.10,16700
2017-05-20 11:14:00,12.82,16750
2017-05-20 11:20:00,12.94,17690
2017-05-20 11:23:00,12.35,17700
2017-05-20 11:23:00,12.55,18180
2017-05-20 11:26:00,12.67,19170
2017-05-20 11:29:00,12.29,19670
2017-05-20 11:29:00,12.92,20120
2017-05-20 11:29:00,12.53,20550
2017-05-20 11:30:00,12.38,20880
2017-05-20 11:31:00,12.31,21730
2017-05-20 11:31:00,12.37,22310
2017-05-20 11:37:00,12.76,23120
2017-05-20 11:44:00,12.88,24000
2017-05-20 11:47:00,12.23,24550
2017-05-20 11:50:00,12.30,25230
2017-05-20 11:58:00,12.85,25860
2017-05-20 12:07:00,12.80,26390
2017-05-20 12:11:00,12.35,27100
2017-05-20 12:19:00,12.75,27830
2017-05-20 12:25:00,12.27,27990
2017-05-20 12:27:00,12.76,28950
2017-05-20 12:30:00,12.09,29480
2017-05-20 12:35:00,12.88,30050
2017-05-20 12:42:00,12.03,30980
2017-05-20 12:51:00,12.43,31600
2017-05-20 12:57:00,12.14,31680
2017-05-20 12:58:00,12.35,31720
2017-05-20 13:05:00,12.53,32300
2017-05-20 13:13:00,12.66,32760
2017-05-20 13:18:00,12.45,33530
2017-05-20 13:21:00,12.21,33830
2017-05-20 13:27:00,12.08,34290
2017-05-20 13:27:00,12.62,34370
2017-05-20 13:36:00,12.23,35260
2017-05-20 13:40:00,12.76,35860
2017-05-20 13:44:00,12.40,36340
2017-05-20 13:50:00,12.13,37040
2017-05-20 13:51:00,12.49,37780
2017-05-20 13:56:00,12.53,38370
2017-05-20 13:56:00,12.70,38720
2017-05-20 14:03:00,12.41,39550
2017-05-20 14:06:00,12.52,39790
2017-05-20 14:09:00,12.77,40060
2017-05-20 14:12:00,12.08,40210
2017-05-20 14:17:00,12.87,41080
2017-05-20 14:26:00,12.18,41250
2017-05-20 14:32:00,12.37,42200
2017-05-20 14:34:00,12.21,42470
2017-05-20 14:41:00,12.72,42830
2017-05-20 14:49:00,12.23,42990
2017-05-20 14:55:00,12.79,43050
2017-05-20 14:57:00,12.60,43860
2017-05-20 14:58:00,12.10,44690
2017-05-20 15:01:00,12.96,45060
2017-05-20 15:09:00,12.15,46050
2017-05-20 15:13:00,12.37,46120
2017-05-20 15:13:00,12.14,46830
2017-05-20 15:22:00,12.80,47040
2017-05-20 15:31:00,12.39,47110
2017-05-20 15:32:00,12.24,48070
2017-05-20 15:40:00,12.56,49050
2017-05-20 15:47:00,12.93,49380
2017-05-20 15:52:00,12.28,49490
2017-05-20 15:54:00,12.96,49790
*******************************************
2017-05-21 09:00:00,12.78,900
2017-05-21 09:08:00,12.28,1650
2017-05-21 09:13:00,12.06,1930
2017-05-21 09:22:00,12.99,1960
2017-05-21 09:23:00,12.37,2640
2017-05-21 09:30:00,12.15,3360
2017-05-21 09:33:00,12.23,3800
2017-05-21 09:38:00,12.41,3920
2017-05-21 09:41:00,12.49,4300
2017-05-21 09:42:00,12.71,5040
2017-05-21 09:49:00,12.74,5810
2017-05-21 09:57:00,12.95,6780
2017-05-21 10:01:00,12.26,7540
2017-05-21 10:03:00,12.72,7640
2017-05-21 10:06:00,12.96,7720
2017-05-21 10:14:00,12.61,8080
2017-05-21 10:17:00,12.88,8220
2017-05-21 10:22:00,12.26,9090
2017-05-21 10:31:00,12.27,9500
2017-05-21 10:31:00,12.10,9780
2017-05-21 10:38:00,12.88,10400
2017-05-21 10:46:00,12.02,11060
2017-05-21 10:51:00,12.41,12020
2017-05-21 10:53:00,12.71,12030
2017-05-21 11:00:00,12.80,12690
2017-05-21 11:04:00,12.08,13030
2017-05-21 11:06:00,12.57,13450
2017-05-21 11:10:00,12.22,13580
2017-05-21 11:17:00,12.00,13780
2017-05-21 11:24:00,12.70,13960
2017-05-21 11:31:00,12.89,14340
2017-05-21 11:38:00,12.51,15120
2017-05-21 11:39:00,12.08,15750
2017-05-21 11:46:00,12.10,16590
2017-05-21 11:48:00,12.48,16630
2017-05-21 11:54:00,12.50,17550
2017-05-21 12:01:00,12.31,17730
2017-05-21 12:07:00,12.54,17840
2017-05-21 12:14:00,12.41,18650
2017-05-21 12:19:00,12.99,19290
2017-05-21 12:27:00,12.17,19780
2017-05-21 12:30:00,12.16,20520
2017-05-21 12:39:00,12.03,20750
2017-05-21 12:47:00,12.67,21470
2017-05-21 12:53:00,12.64,22190
2017-05-21 12:59:00,12.41,22930
2017-05-21 12:59:00,12.01,23330
2017-05-21 13:07:00,12.06,23480
2017-05-21 13:11:00,12.74,24440
2017-05-21 13:18:00,12.48,24660
2017-05-21 13:22:00,12.56,25100
2017-05-21 13:30:00,12.49,25630
2017-05-21 13:36:00,12.63,26580
2017-05-21 13:43:00,12.79,26850
2017-05-21 13:45:00,12.94,27410
2017-05-21 13:50:00,12.77,27730
2017-05-21 13:56:00,12.88,27760
2017-05-21 14:00:00,12.30,28230
2017-05-21 14:02:00,12.01,29060
2017-05-21 14:05:00,12.91,29160
2017-05-21 14:08:00,12.86,29510
2017-05-21 14:08:00,12.73,30290
2017-05-21 14:14:00,12.42,31200
2017-05-21 14:17:00,12.35,31560
2017-05-21 14:17:00,12.09,32150
2017-05-21 14:22:00,12.31,32720
2017-05-21 14:22:00,12.98,32870
2017-05-21 14:29:00,12.90,33140
2017-05-21 14:30:00,12.22,33250
2017-05-21 14:32:00,12.27,33610
2017-05-21 14:40:00,12.20,34420
2017-05-21 14:48:00,12.37,34910
2017-05-21 14:56:00,12.83,35670
2017-05-21 14:58:00,12.43,36530
2017-05-21 15:05:00,12.07,36780
2017-05-21 15:09:00,12.73,37770
2017-05-21 15:14:00,12.68,38230
2017-05-21 15:17:00,12.05,39010
2017-05-21 15:25:00,12.42,39690
2017-05-21 15:30:00,12.77,40540
2017-05-21 15:39:00,12.09,40940
2017-05-21 15:47:00,12.12,41690
2017-05-21 15:54:00,12.12,42360
*******************************************
2017-05-22 09:00:00,12.14,970
2017-05-22 09:01:00,12.52,1650
2017-05-22 09:05:00,12.25,1880
2017-05-22 09:11:00,12.60,1990
2017-05-22 09:16:00,12.27,2850
2017-05-22 09:17:00,12.73,3260
2017-05-22 09:24:00,12.18,4050
2017-05-22 09:27:00,12.70,4650
2017-05-22 09:30:00,12.87,5340
2017-05-22 09:31:00,12.43,5900
2017-05-22 09:33:00,12.89,6590
2017-05-22 09:35:00,12.24,7410
2017-05-22 09:35:00,12.43,7450
2017-05-22 09:39:00,12.21,8320
2017-05-22 09:47:00,12.97,8960
2017-05-22 09:54:00,12.33,9210
2017-05-22 09:59:00,12.91,9630
2017-05-22 10:03:00,12.28,9870
2017-05-22 10:10:00,12.97,10330
2017-05-22 10:10:00,12.94,11120
2017-05-22 10:10:00,12.11,11930
2017-05-22 10:15:00,12.51,12430
2017-05-22 10:18:00,12.79,13180
2017-05-22 10:22:00,12.49,13960
2017-05-22 10:25:00,12.97,14150
2017-05-22 10:25:00,12.31,14390
2017-05-22 10:27:00,12.02,14440
2017-05-22 10:33:00,12.65,14740
2017-05-22 10:37:00,12.89,15640
2017-05-22 10:44:00,12.35,15930
2017-05-22 10:47:00,12.43,16250
2017-05-22 10:47:00,12.16,16910
2017-05-22 10:50:00,12.71,16970
2017-05-22 10:54:00,12.45,17670
2017-05-22 10:57:00,12.31,18100
2017-05-22 11:00:00,12.74,18210
2017-05-22 11:06:00,12.33,19040
2017-05-22 11:14:00,12.52,19560
2017-05-22 11:19:00,12.77,20070
2017-05-22 11:28:00,12.88,20670
2017-05-22 11:28:00,12.24,21120
2017-05-22 11:28:00,12.70,21580
2017-05-22 11:29:00,12.51,22490
2017-05-22 11:37:00,12.91,23290
2017-05-22 11:39:00,12.52,23650
2017-05-22 11:45:00,12.31,23760
2017-05-22 11:49:00,12.08,23770
2017-05-22 11:57:00,12.83,24200
2017-05-22 11:58:00,12.54,24460
2017-05-22 11:58:00,12.17,24990
2017-05-22 12:07:00,12.04,25940
2017-05-22 12:13:00,12.77,26030
2017-05-22 12:13:00,12.62,26370
2017-05-22 12:19:00,12.27,26530
2017-05-22 12:27:00,12.33,26790
2017-05-22 12:27:00,12.51,26900
2017-05-22 12:29:00,12.73,27410
2017-05-22 12:34:00,12.23,27590
2017-05-22 12:41:00,12.07,28270
2017-05-22 12:42:00,12.07,28540
2017-05-22 12:43:00,12.18,29110
2017-05-22 12:49:00,12.41,29880
2017-05-22 12:56:00,12.88,30030
2017-05-22 13:03:00,12.86,30690
2017-05-22 13:04:00,12.67,31450
2017-05-22 13:13:00,12.59,31610
2017-05-22 13:20:00,12.39,32250
2017-05-22 13:21:00,12.98,32410
2017-05-22 13:21:00,12.85,32720
2017-05-22 13:28:00,12.63,33430
2017-05-22 13:32:00,12.00,33640
2017-05-22 13:41:00,12.28,33820
2017-05-22 13:44:00,12.15,34290
2017-05-22 13:50:00,12.77,34580
2017-05-22 13:52:00,12.06,35450
2017-05-22 13:56:00,12.30,35860
2017-05-22 13:59:00,12.09,35940
2017-05-22 14:04:00,12.85,36290
2017-05-22 14:08:00,12.94,37140
2017-05-22 14:09:00,12.21,37760
2017-05-22 14:11:00,12.45,38360
2017-05-22 14:12:00,12.98,39350
2017-05-22 14:17:00,12.70,39430
2017-05-22 14:21:00,12.20,40220
2017-05-22 14:29:00,12.69,40630
2017-05-22 14:34:00,12.80,41230
2017-05-22 14:41:00,12.47,41900
2017-05-22 14:46:00,12.55,42800
2017-05-22 14:54:00,12.67,43130
2017-05-22 15:02:00,12.77,43550
2017-05-22 15:10:00,12.04,44420
2017-05-22 15:16:00,12.49,44690
2017-05-22 15:18:00,12.54,45130
2017-05-22 15:21:00,12.94,45740
2017-05-22 15:24:00,12.19,46200
2017-05-22 15:30:00,12.17,46300
2017-05-22 15:31:00,12.79,47210
2017-05-22 15:33:00,12.65,47820
2017-05-22 15:42:00,12.98,47980
2017-05-22 15:46:00,12.25,48620
2017-05-22 15:47:00,12.05,49550
2017-05-22 15:47:00,12.55,49570
2017-05-22 15:53:00,12.89,49920
*******************************************
2017-05-23 09:00:00,12.97,420
2017-05-23 09:02:00,12.96,450
2017-05-23 09:11:00,12.65,820
2017-05-23 09:18:00,12.13,1090
2017-05-23 09:24:00,12.30,1740
2017-05-23 09:32:00,12.47,1910
2017-05-23 09:39:00,12.66,2330
2017-05-23 09:42:00,12.06,2750
2017-05-23 09:42:00,12.59,3370
2017-05-23 09:51:00,12.34,3700
2017-05-23 09:57:00,12.67,4250
2017-05-23 10:03:00,12.58,5200
2017-05-23 10:12:00,12.62,5220
2017-05-23 10:15:00,12.11,6200
2017-05-23 10:20:00,12.44,6970
2017-05-23 10:20:00,12.01,7260
2017-05-23 10:23:00,12.39,7480
2017-05-23 10:28:00,12.90,8200
2017-05-23 10:34:00,12.46,9140
2017-05-23 10:37:00,12.70,9820
2017-05-23 10:45:00,12.33,10190
2017-05-23 10:53:00,12.02,10970
2017-05-23 10:59:00,12.28,11130
2017-05-23 11:06:00,12.44,11410
2017-05-23 11:10:00,12.28,12020
2017-05-23 11:18:00,12.96,13000
2017-05-23 11:25:00,12.36,13320
2017-05-23 11:33:00,12.65,13380
2017-05-23 11:34:00,12.95,14340
2017-05-23 11:39:00,12.84,14550
2017-05-23 11:47:00,12.11,14810
2017-05-23 11:53:00,12.10,15740
2017-05-23 11:58:00,12.12,16200
2017-05-23 12:07:00,12.65,17160
2017-05-23 12:16:00,12.31,17820
2017-05-23 12:16:00,12.84,18300
2017-05-23 12:22:00,12.63,19030
2017-05-23 12:28:00,12.75,19500
2017-05-23 12:34:00,12.05,20270
2017-05-23 12:37:00,12.14,20490
2017-05-23 12:46:00,12.11,20580
2017-05-23 12:55:00,12.89,21280
2017-05-23 12:58:00,12.81,21970
2017-05-23 13:02:00,12.84,22310
2017-05-23 13:09:00,12.51,23110
2017-05-23 13:13:00,12.52,23480
2017-05-23 13:21:00,12.60,24100
2017-05-23 13:24:00,12.36,24630
2017-05-23 13:33:00,12.68,25110
2017-05-23 13:42:00,12.28,25810
2017-05-23 13:48:00,12.95,26230
2017-05-23 13:48:00,12.56,27140
2017-05-23 13:53:00,12.60,27240
2017-05-23 13:54:00,12.73,27280
2017-05-23 14:02:00,12.23,27400
2017-05-23 14:09:00,12.40,27480
2017-05-23 14:10:00,12.37,27880
2017-05-23 14:10:00,12.40,28250
2017-05-23 14:17:00,12.25,28540
2017-05-23 14:18:00,12.97,29340
2017-05-23 14:23:00,12.59,29920
2017-05-23 14:23:00,12.19,30430
2017-05-23 14:24:00,12.81,30720
2017-05-23 14:25:00,12.05,31360
2017-05-23 14:25:00,12.78,32060
2017-05-23 14:33:00,12.24,32530
2017-05-23 14:42:00,12.14,33080
2017-05-23 14:50:00,12.09,33370
2017-05-23 14:58:00,12.64,33810
2017-05-23 15:05:00,12.39,33970
2017-05-23 15:14:00,12.57,34290
2017-05-23 15:20:00,12.56,35270
2017-05-23 15:26:00,12.11,35780
2017-05-23 15:27:00,12.87,35850
2017-05-23 15:30:00,12.27,36330
2017-05-23 15:39:00,12.82,36450
2017-05-23 15:39:00,12.26,37100
2017-05-23 15:46:00,12.17,37920
2017-05-23 15:52:00,12.47,38760
2017-05-23 15:59:00,12.40,39140
*******************************************
2017-05-24 09:00:00,12.78,630
2017-05-24 09:00:00,12.44,940
2017-05-24 09:01:00,12.03,1780
2017-05-24 09:01:00,12.40,2640
2017-05-24 09:02:00,12.23,3000
2017-05-24 09:10:00,12.00,3900
2017-05-24 09:13:00,12.33,4170
2017-05-24 09:19:00,12.19,4760
2017-05-24 09:26:00,12.06,5120
2017-05-24 09:34:00,12.48,5630
2017-05-24 09:38:00,12.65,5980
2017-05-24 09:42:00,12.66,6370
2017-05-24 09:49:00,12.05,7080
2017-05-24 09:54:00,12.66,7500
2017-05-24 09:56:00,12.07,7670
2017-05-24 10:02:00,12.22,8090
2017-05-24 10:02:00,12.83,8660
2017-05-24 10:07:00,12.08,9580
2017-05-24 10:14:00,12.83,9650
2017-05-24 10:14:00,12.29,10030
2017-05-24 10:15:00,12.93,10100
2017-05-24 10:15:00,12.79,10660
2017-05-24 10:15:00,12.82,11170
2017-05-24 10:22:00,12.21,11280
2017-05-24 10:28:00,12.62,11800
2017-05-24 10:36:00,12.02,12340
2017-05-24 10:39:00,12.78,12500
2017-05-24 10:45:00,12.50,13370
2017-05-24 10:48:00,12.57,13650
2017-05-24 10:57:00,12.66,14400
2017-05-24 10:59:00,12.14,15250
2017-05-24 10:59:00,12.87,15590
2017-05-24 11:05:00,12.36,16070
2017-05-24 11:14:00,12.09,16430
2017-05-24 11:14:00,12.49,17110
2017-05-24 11:22:00,12.29,17870
2017-05-24 11:25:00,12.36,18570
2017-05-24 11:33:00,12.85,18860
2017-05-24 11:34:00,12.53,19440
2017-05-24 11:40:00,12.71,19500
2017-05-24 11:46:00,12.70,19720
2017-05-24 11:55:00,12.76,20300
2017-05-24 12:00:00,12.11,21170
2017-05-24 12:07:00,12.61,21910
2017-05-24 12:12:00,12.36,22460
2017-05-24 12:12:00,12.06,22770
2017-05-24 12:15:00,12.29,23430
2017-05-24 12:24:00,12.53,23960
2017-05-24 12:29:00,12.38,24450
2017-05-24 12:31:00,12.60,25150
2017-05-24 12:34:00,12.40,25770
2017-05-24 12:43:00,12.99,26300
2017-05-24 12:46:00,12.78,26680
2017-05-24 12:54:00,12.07,27590
2017-05-24 12:57:00,12.25,27860
2017-05-24 12:57:00,12.21,28440
2017-05-24 13:04:00,12.48,28730
2017-05-24 13:07:00,12.23,29080
2017-05-24 13:07:00,12.86,29120
2017-05-24 13:07:00,12.33,29260
2017-05-24 13:11:00,12.18,29970
2017-05-24 13:11:00,12.69,30040
2017-05-24 13:20:00,12.39,30700
2017-05-24 13:25:00,12.34,31290
2017-05-24 13:31:00,12.41,31550
2017-05-24 13:35:00,12.35,32500
2017-05-24 13:40:00,12.25,33420
2017-05-24 13:48:00,12.30,33680
2017-05-24 13:49:00,12.74,33810
2017-05-24 13:50:00,12.76,33920
2017-05-24 13:57:00,12.02,34290
2017-05-24 14:01:00,12.20,34430
2017-05-24 14:04:00,12.51,34640
2017-05-24 14:13:00,12.33,35010
2017-05-24 14:19:00,12.15,35100
2017-05-24 14:21:00,12.07,35670
2017-05-24 14:28:00,12.19,35890
2017-05-24 14:31:00,12.27,36770
2017-05-24 14:37:00,12.18,37310
2017-05-24 14:37:00,12.45,37790
2017-05-24 14:43:00,12.81,37900
2017-05-24 14:49:00,12.08,38170
2017-05-24 14:51:00,12.51,38210
2017-05-24 14:56:00,12.74,38920
2017-05-24 15:04:00,12.21,39630
2017-05-24 15:07:00,12.15,40440
2017-05-24 15:09:00,12.80,41280
2017-05-24 15:10:00,12.81,41670
2017-05-24 15:16:00,12.55,42160
2017-05-24 15:17:00,12.31,42900
2017-05-24 15:17:00,12.63,43230
2017-05-24 15:22:00,12.83,43620
2017-05-24 15:29:00,12.82,44010
2017-05-24 15:34:00,12.56,44450
2017-05-24 15:43:00,12.62,44980
2017-05-24 15:48:00,12.77,45010
2017-05-24 15:50:00,12.35,45580
2017-05-24 15:51:00,12.93,45690
*******************************************
